day,BTC,ETH,HYPE,basket
2026-06-04 00:00:00+00:00,-0.0062,-23.1161,0.5509,-7.5238
2026-06-05 00:00:00+00:00,7.3092,11.4424,6.6983,8.4833
2026-06-06 00:00:00+00:00,-0.3525,0.4501,7.8165,2.6380
2026-06-07 00:00:00+00:00,2.9541,-1.9602,-0.4279,0.1887
2026-06-08 00:00:00+00:00,3.0969,-0.1430,-1.2732,0.5602
2026-06-09 00:00:00+00:00,-3.2720,-3.8059,9.5808,0.8343
2026-06-10 00:00:00+00:00,-0.5600,-9.3191,-2.7603,-4.2131
2026-06-11 00:00:00+00:00,-7.4230,-2.4147,8.7241,-0.3712
2026-06-12 00:00:00+00:00,6.3439,5.5505,-3.2990,2.8651
2026-06-13 00:00:00+00:00,4.6510,-12.0924,3.2051,-1.4121
2026-06-14 00:00:00+00:00,2.5029,10.9650,0.4299,4.6326
2026-06-15 00:00:00+00:00,1.8173,7.2995,2.1560,3.7576
2026-06-16 00:00:00+00:00,-3.9393,-10.6348,-0.8678,-5.1473
2026-06-17 00:00:00+00:00,1.1389,-0.8525,-0.1575,0.0430
2026-06-18 00:00:00+00:00,-4.1887,9.8365,1.8828,2.5102
2026-06-19 00:00:00+00:00,8.9341,1.2673,11.2415,7.1477
2026-06-20 00:00:00+00:00,-3.0595,2.4731,-0.5650,-0.3838
2026-06-21 00:00:00+00:00,-2.4664,1.3619,0.3183,-0.2621
2026-06-22 00:00:00+00:00,-3.1743,2.5139,0.6482,-0.0041
2026-06-23 00:00:00+00:00,1.2306,-4.2884,3.2333,0.0585
2026-06-24 00:00:00+00:00,-0.8947,0.1192,7.7086,2.3111
2026-06-25 00:00:00+00:00,-0.1830,-23.4548,-2.8082,-8.8153
2026-06-26 00:00:00+00:00,0.0332,14.4895,3.6701,6.0643
2026-06-27 00:00:00+00:00,-3.3110,-2.4563,6.2182,0.1503
2026-06-28 00:00:00+00:00,-0.4294,-3.5646,-2.3169,-2.1036
2026-06-29 00:00:00+00:00,-0.0764,-7.1543,-1.7444,-2.9917
2026-06-30 00:00:00+00:00,3.9962,5.3672,0.4728,3.2787
2026-07-01 00:00:00+00:00,0.0793,13.5261,10.9418,8.1824
2026-07-02 00:00:00+00:00,-8.0781,-22.4099,-2.0122,-10.8334
2026-07-03 00:00:00+00:00,16.0202,5.4145,3.7774,8.4040
2026-07-04 00:00:00+00:00,-1.6644,6.4783,-7.0561,-0.7474
2026-07-05 00:00:00+00:00,1.9593,-4.1830,9.8188,2.5317
2026-07-06 00:00:00+00:00,-0.9423,9.8130,1.0408,3.3038
2026-07-07 00:00:00+00:00,7.6090,-16.0763,-2.1873,-3.5516
2026-07-08 00:00:00+00:00,-0.6919,22.3607,3.4102,8.3597
2026-07-09 00:00:00+00:00,0.6985,4.8332,6.3165,3.9494
2026-07-10 00:00:00+00:00,3.5268,3.0063,3.7202,3.4177
2026-07-11 00:00:00+00:00,0.9324,2.5259,8.2838,3.9140
2026-07-12 00:00:00+00:00,3.9952,-2.4839,-7.8384,-2.1090
2026-07-13 00:00:00+00:00,-2.3311,-2.0248,-5.7814,-3.3791
2026-07-14 00:00:00+00:00,9.3106,1.4437,-1.7201,3.0114
2026-07-15 00:00:00+00:00,-0.4997,4.0581,4.2659,2.6081
2026-07-16 00:00:00+00:00,0.2584,1.5613,7.4073,3.0756
2026-07-17 00:00:00+00:00,4.4718,5.8087,-0.7241,3.1855
2026-07-18 00:00:00+00:00,0.6044,1.4448,7.3156,3.1216
2026-07-19 00:00:00+00:00,0.6098,-1.2448,-0.2565,-0.2972
2026-07-20 00:00:00+00:00,2.9490,3.7772,0.6394,2.4552
2026-07-21 00:00:00+00:00,1.0593,5.1317,5.2214,3.8041
2026-07-22 00:00:00+00:00,2.1145,4.8639,-3.5312,1.1491
2026-07-23 00:00:00+00:00,0.0073,-1.2845,7.5519,2.0916
2026-07-24 00:00:00+00:00,-0.8397,-0.4115,-4.5298,-1.9270
2026-07-25 00:00:00+00:00,-1.3126,0.2709,11.5103,3.4895
2026-07-26 00:00:00+00:00,5.8102,1.9544,-11.3315,-1.1890
2026-07-27 00:00:00+00:00,1.8165,5.0590,0.6944,2.5233
2026-07-28 00:00:00+00:00,-3.9922,-3.8220,5.6049,-0.7364
2026-07-29 00:00:00+00:00,1.2481,-2.0014,2.2131,0.4866
2026-07-30 00:00:00+00:00,4.8841,7.5358,2.1796,4.8665
2026-07-31 00:00:00+00:00,0.3270,-2.6995,-3.3095,-1.8940
2026-08-01 00:00:00+00:00,0.8234,4.2524,-0.4728,1.5343
2026-08-02 00:00:00+00:00,-2.6886,-4.8652,8.4862,0.3108
2026-08-03 00:00:00+00:00,7.5674,4.6918,0.1641,4.1411
2026-08-04 00:00:00+00:00,0.5762,-2.3355,4.9413,1.0607
2026-08-05 00:00:00+00:00,-2.6099,1.4132,-0.1485,-0.4484
2026-08-06 00:00:00+00:00,-0.5020,5.4122,-0.9009,1.3364
2026-08-07 00:00:00+00:00,3.5823,-0.0872,3.7408,2.4120
2026-08-08 00:00:00+00:00,-4.0415,-0.3145,-0.5798,-1.6452
2026-08-09 00:00:00+00:00,2.4827,-0.6869,0.8590,0.8849
2026-08-10 00:00:00+00:00,-0.3247,-1.6016,-4.8676,-2.2647
2026-08-11 00:00:00+00:00,4.3225,1.2526,-2.5684,1.0022
2026-08-12 00:00:00+00:00,-4.9314,-2.7554,4.9789,-0.9026
2026-08-13 00:00:00+00:00,1.4915,10.2472,4.0594,5.2660
2026-08-14 00:00:00+00:00,3.9367,-0.0368,-2.0468,0.6177
2026-08-15 00:00:00+00:00,0.5183,0.3239,4.1394,1.6605
2026-08-16 00:00:00+00:00,4.9612,-3.4660,4.5192,2.0048
2026-08-17 00:00:00+00:00,-0.2363,6.1310,2.0891,2.6613
2026-08-18 00:00:00+00:00,-0.4872,3.7626,4.4075,2.5610
2026-08-19 00:00:00+00:00,-1.6336,-7.6639,-24.5566,-11.2847
2026-08-20 00:00:00+00:00,6.2378,0.9627,16.3314,7.8440
2026-08-21 00:00:00+00:00,-7.9400,-3.9297,16.7575,1.6293
2026-08-22 00:00:00+00:00,-7.5185,1.6278,-5.6815,-3.8574
