entry,exit,hold_h,funding_bps,cost_bps,net_bps
2026-06-22 01:00:00+00:00,2026-06-22 17:00:00+00:00,17,1.560475,18.0,-16.439525
2026-06-22 19:00:00+00:00,2026-06-23 08:00:00+00:00,14,0.9117250000000002,18.0,-17.088275
2026-06-23 15:00:00+00:00,2026-06-24 09:00:00+00:00,19,0.8588069999999999,18.0,-17.141192999999998
2026-06-24 11:00:00+00:00,2026-06-24 14:00:00+00:00,4,0.196277,18.0,-17.803723
2026-06-24 16:00:00+00:00,2026-06-24 18:00:00+00:00,3,-0.523901,18.0,-18.523901
2026-06-24 22:00:00+00:00,2026-06-25 00:00:00+00:00,3,-0.133524,18.0,-18.133524
2026-06-25 02:00:00+00:00,2026-06-25 09:00:00+00:00,8,0.04439099999999999,18.0,-17.955609
2026-06-25 11:00:00+00:00,2026-06-25 12:00:00+00:00,2,-0.188156,18.0,-18.188156
2026-06-25 21:00:00+00:00,2026-06-25 21:00:00+00:00,1,-0.138042,18.0,-18.138042
2026-06-26 13:00:00+00:00,2026-06-26 13:00:00+00:00,1,-0.232316,18.0,-18.232316
2026-06-26 18:00:00+00:00,2026-06-26 18:00:00+00:00,1,-0.06365599999999999,18.0,-18.063655999999998
2026-06-27 02:00:00+00:00,2026-06-27 02:00:00+00:00,1,-0.119033,18.0,-18.119033
2026-06-27 14:00:00+00:00,2026-06-27 14:00:00+00:00,1,-0.040755,18.0,-18.040755
2026-06-27 16:00:00+00:00,2026-06-27 16:00:00+00:00,1,-0.07846800000000001,18.0,-18.078468
2026-06-27 20:00:00+00:00,2026-06-27 20:00:00+00:00,1,-0.059197999999999994,18.0,-18.059198
2026-06-28 12:00:00+00:00,2026-06-28 12:00:00+00:00,1,-0.09853100000000001,18.0,-18.098531
2026-06-28 20:00:00+00:00,2026-06-28 20:00:00+00:00,1,-0.11649,18.0,-18.11649
2026-06-29 00:00:00+00:00,2026-06-29 00:00:00+00:00,1,-0.17096799999999998,18.0,-18.170968
2026-06-29 09:00:00+00:00,2026-06-30 13:00:00+00:00,29,1.109711,18.0,-16.890289
2026-06-30 15:00:00+00:00,2026-07-28 00:00:00+00:00,658,78.44668600000001,18.0,60.44668600000002
2026-07-28 03:00:00+00:00,2026-07-28 08:00:00+00:00,6,0.264528,18.0,-17.735471999999998
2026-07-28 10:00:00+00:00,2026-07-28 12:00:00+00:00,3,-0.00033499999999999974,18.0,-18.000335
2026-07-28 14:00:00+00:00,2026-07-28 19:00:00+00:00,6,0.20984100000000006,18.0,-17.790159
2026-07-28 21:00:00+00:00,2026-07-28 23:00:00+00:00,3,0.18177,18.0,-17.81823
2026-07-29 01:00:00+00:00,2026-07-29 22:00:00+00:00,22,1.0930309999999999,18.0,-16.906969
2026-07-30 00:00:00+00:00,2026-07-30 14:00:00+00:00,15,0.9417160000000002,18.0,-17.058283999999997
2026-07-30 16:00:00+00:00,2026-07-30 22:00:00+00:00,7,0.22499999999999998,18.0,-17.775
2026-07-31 00:00:00+00:00,2026-07-31 06:00:00+00:00,7,0.546919,18.0,-17.453081
2026-07-31 08:00:00+00:00,2026-07-31 08:00:00+00:00,1,0.088662,18.0,-17.911338
2026-07-31 10:00:00+00:00,2026-07-31 10:00:00+00:00,1,-0.099015,18.0,-18.099015
2026-07-31 15:00:00+00:00,2026-07-31 15:00:00+00:00,1,-0.0014609999999999998,18.0,-18.001461
2026-07-31 17:00:00+00:00,2026-07-31 19:00:00+00:00,3,0.073796,18.0,-17.926204
2026-07-31 21:00:00+00:00,2026-08-02 00:00:00+00:00,28,1.7002129999999998,18.0,-16.299787000000002
2026-08-02 02:00:00+00:00,2026-08-02 04:00:00+00:00,3,0.0034329999999999973,18.0,-17.996567
2026-08-02 06:00:00+00:00,2026-08-02 06:00:00+00:00,1,-0.037661,18.0,-18.037661
2026-08-02 09:00:00+00:00,2026-08-02 12:00:00+00:00,4,0.28425700000000004,18.0,-17.715743
2026-08-02 14:00:00+00:00,2026-08-04 07:00:00+00:00,42,3.625765,18.0,-14.374234999999999
2026-08-04 09:00:00+00:00,2026-08-04 12:00:00+00:00,4,0.219561,18.0,-17.780438999999998
2026-08-04 14:00:00+00:00,2026-08-07 09:00:00+00:00,68,5.970316,18.0,-12.029684
2026-08-07 12:00:00+00:00,2026-08-07 17:00:00+00:00,6,0.06672300000000002,18.0,-17.933277
2026-08-07 19:00:00+00:00,2026-08-18 11:00:00+00:00,257,24.224385000000005,18.0,6.224385000000005
2026-08-18 13:00:00+00:00,2026-08-18 17:00:00+00:00,5,0.089189,18.0,-17.910811
2026-08-18 19:00:00+00:00,2026-08-19 03:00:00+00:00,9,0.48162099999999997,18.0,-17.518379
2026-08-19 05:00:00+00:00,2026-08-19 09:00:00+00:00,5,0.022356000000000015,18.0,-17.977644
2026-08-19 12:00:00+00:00,2026-08-19 12:00:00+00:00,1,-0.045017999999999996,18.0,-18.045018
2026-08-19 14:00:00+00:00,2026-08-19 14:00:00+00:00,1,0.040671000000000006,18.0,-17.959329
2026-08-19 16:00:00+00:00,2026-08-22 23:00:00+00:00,80,11.551309000000002,18.0,-6.4486909999999975
